,f_vol,f_connect,f_discon,f_cur,f_cost
0,1.0,1.0,1.0,0.11111111111111154,0.6590909090909091
