,f_vol,f_connect,f_discon,f_cur,f_cost
0,1.0,1.0,1.0,0.9999999999999983,0.5172413793103449
