,f_vol,f_connect,f_discon,f_cur,f_cost
0,1.0,1.0,1.0,0.9999999999999909,0.5510204081632653
