,f_vol,f_connect,f_discon,f_cur,f_cost
0,1.0,1.0,1.0,0.3333333333333332,0.7857142857142857
