,f_vol,f_connect,f_discon,f_cur,f_cost
0,1.0,1.0,1.0,0.9999999999999962,0.5681818181818182
