,f_vol,f_connect,f_discon,f_cur,f_cost
0,1.0,1.0,1.0,0.11111111111111108,0.45454545454545453
