,f_vol,f_connect,f_discon,f_cur,f_cost
0,1.0,1.0,1.0,0.14285714285714268,0.4117647058823529
