,f_vol,f_connect,f_discon,f_cur,f_cost
0,1.0,1.0,1.0,0.12499999999999786,0.41025641025641024
