,f_vol,f_connect,f_discon,f_cur,f_cost
0,1.0,1.0,1.0,0.1666666666666666,0.41379310344827586
