,f_vol,f_connect,f_discon,f_cur,f_cost
0,1.0,1.0,1.0,0.11111111111111088,0.4090909090909091
