,f_vol,f_connect,f_discon,f_cur,f_cost
0,1.0,1.0,1.0,0.142857142857143,0.6764705882352942
