,f_vol,f_connect,f_discon,f_cur,f_cost
0,1.0,1.0,1.0,0.24999999999999992,0.5263157894736842
