,f_vol,f_connect,f_discon,f_cur,f_cost
0,1.0,0.3333333333333333,1.0,0.16666666666666677,0.4827586206896552
