,f_vol,f_connect,f_discon,f_cur,f_cost
0,1.0,1.0,1.0,0.25000000000000006,0.42105263157894735
