,f_vol,f_connect,f_discon,f_cur,f_cost
0,1.0,1.0,1.0,0.999999999999998,0.5909090909090909
