,f_vol,f_connect,f_discon,f_cur,f_cost
0,1.0,1.0,1.0,0.12500000000000006,0.6666666666666666
