,f_vol,f_connect,f_discon,f_cur,f_cost
0,1.0,1.0,1.0,0.16666666666666685,0.6896551724137931
