,f_vol,f_connect,f_discon,f_cur,f_cost
0,1.0,1.0,1.0,0.1666666666666666,0.4827586206896552
