,f_vol,f_connect,f_discon,f_cur,f_cost
0,1.0,1.0,1.0,0.9999999999999986,0.5588235294117647
