,f_vol,f_connect,f_discon,f_cur,f_cost
0,1.0,0.2857142857142857,1.0,0.14285714285714293,0.47058823529411764
