,f_vol,f_connect,f_discon,f_cur,f_cost
0,1.0,0.6666666666666666,1.0,0.3333333333333327,0.5714285714285714
