,f_vol,f_connect,f_discon,f_cur,f_cost
0,1.0,0.2,1.0,0.10000000000000002,0.4489795918367347
